{
    "id": {
        "sum": 811853.4818518343,
        "count": 198407,
        "mean": 4.091859066725641,
        "median": 46599.5,
        "count_peers": 8584
    },
    "relaytxes": {
        "sum": 46.79625971757146,
        "count": 198407,
        "mean": 0.00023585992287354507,
        "median": 1.0,
        "count_peers": 8584
    },
    "lastsend": {
        "sum": 90404486287.11687,
        "count": 198407,
        "mean": 455651.6972038127,
        "median": 1690889502.0,
        "count_peers": 8584
    },
    "lastrecv": {
        "sum": 89550008162.06812,
        "count": 198407,
        "mean": 451345.00376533146,
        "median": 1690889533.5,
        "count_peers": 8584
    },
    "last_transaction": {
        "sum": 7780331795.284106,
        "count": 198407,
        "mean": 39213.998474268075,
        "median": 0.0,
        "count_peers": 8584
    },
    "last_block": {
        "sum": 4488340457.821292,
        "count": 198407,
        "mean": 22621.88560797397,
        "median": 0.0,
        "count_peers": 8584
    },
    "bytessent": {
        "sum": 87697794.2131668,
        "count": 198407,
        "mean": 442.00957734942216,
        "median": 1333.0,
        "count_peers": 8584
    },
    "bytesrecv": {
        "sum": 23354518497.40394,
        "count": 198407,
        "mean": 117710.15386253477,
        "median": 217.0,
        "count_peers": 8584
    },
    "conntime": {
        "sum": 91226209420.03201,
        "count": 198407,
        "mean": 459793.3007405586,
        "median": 1690889720.0,
        "count_peers": 8584
    },
    "timeoffset": {
        "sum": -1529157.3607941803,
        "count": 198407,
        "mean": -7.707174448452828,
        "median": 0.0,
        "count_peers": 8584
    },
    "pingtime": {
        "sum": 55.963579550630946,
        "count": 180399,
        "mean": 0.0003102211184686775,
        "median": 0.20312,
        "count_peers": 8239
    },
    "minping": {
        "sum": 17.81745333336286,
        "count": 180399,
        "mean": 9.876691851597215e-05,
        "median": 0.200776,
        "count_peers": 8239
    },
    "version": {
        "sum": 3678963.0380353085,
        "count": 198407,
        "mean": 18.542506252477526,
        "median": 70015.0,
        "count_peers": 8584
    },
    "inbound": {
        "sum": 38.88274352052385,
        "count": 198407,
        "mean": 0.00019597465573555295,
        "median": 1.0,
        "count_peers": 8584
    },
    "bip152_hb_to": {
        "sum": 1.0753042619377493,
        "count": 198407,
        "mean": 5.419689133638174e-06,
        "median": 0.0,
        "count_peers": 8584
    },
    "bip152_hb_from": {
        "sum": 0.055886714720135414,
        "count": 198407,
        "mean": 2.8167713195671227e-07,
        "median": 0.0,
        "count_peers": 8584
    },
    "startingheight": {
        "sum": 40170027.2040877,
        "count": 198407,
        "mean": 202.4627518388348,
        "median": 800137.0,
        "count_peers": 8584
    },
    "presynced_headers": {
        "sum": -54,
        "count": 198407,
        "mean": -0.0002721678166596945,
        "median": -1.0,
        "count_peers": 8584
    },
    "synced_headers": {
        "sum": 10355300.167645665,
        "count": 198407,
        "mean": 52.192211805257195,
        "median": -1.0,
        "count_peers": 8584
    },
    "synced_blocks": {
        "sum": 10054808.667089274,
        "count": 198407,
        "mean": 50.67769114541964,
        "median": -1.0,
        "count_peers": 8584
    },
    "addr_relay_enabled": {
        "sum": 12.832274483736507,
        "count": 198407,
        "mean": 6.467652090771246e-05,
        "median": 0.0,
        "count_peers": 8584
    },
    "addr_processed": {
        "sum": 12964.441284359478,
        "count": 198407,
        "mean": 0.06534266071438749,
        "median": 0.0,
        "count_peers": 8584
    },
    "addr_rate_limited": {
        "sum": 4.9600672439923645,
        "count": 198407,
        "mean": 2.4999456894123517e-05,
        "median": 0.0,
        "count_peers": 8584
    },
    "minfeefilter": {
        "sum": 2.8067722615305155,
        "count": 198407,
        "mean": 1.4146538486699136e-05,
        "median": 0.0,
        "count_peers": 8584
    },
    "bytessent_per_msg": {
        "feefilter": {
            "sum": 16548.14759635258,
            "count": 168028,
            "mean": 0.09848446447230569,
            "median": 32,
            "count_peers": 8329
        },
        "ping": {
            "sum": 723956.5879612804,
            "count": 182781,
            "mean": 3.960786886827845,
            "median": 64,
            "count_peers": 8333
        },
        "pong": {
            "sum": 445418.337002147,
            "count": 23670,
            "mean": 18.81784271238475,
            "median": 32,
            "count_peers": 831
        },
        "sendaddrv2": {
            "sum": 1176,
            "count": 22296,
            "mean": 0.0527448869752422,
            "median": 24.0,
            "count_peers": 856
        },
        "sendcmpct": {
            "sum": 1910.7594727381268,
            "count": 182666,
            "mean": 0.010460400253676802,
            "median": 33.0,
            "count_peers": 8328
        },
        "verack": {
            "sum": 1272,
            "count": 195181,
            "mean": 0.006517027784466726,
            "median": 24.0,
            "count_peers": 8506
        },
        "version": {
            "sum": 6699,
            "count": 196233,
            "mean": 0.03413798902325297,
            "median": 127,
            "count_peers": 8535
        },
        "wtxidrelay": {
            "sum": 1176,
            "count": 22296,
            "mean": 0.0527448869752422,
            "median": 24.0,
            "count_peers": 856
        },
        "inv": {
            "sum": 112281668.70099077,
            "count": 84984,
            "mean": 1321.2095065069987,
            "median": 3552.0,
            "count_peers": 4802
        },
        "addrv2": {
            "sum": 994503.0888656639,
            "count": 3073,
            "mean": 323.6261271935125,
            "median": 8641,
            "count_peers": 365
        },
        "blocktxn": {
            "sum": 28862711.65908218,
            "count": 258,
            "mean": 111870.97542279915,
            "median": 2755297,
            "count_peers": 93
        },
        "cmpctblock": {
            "sum": 3014662.5413545007,
            "count": 277,
            "mean": 10883.258272037909,
            "median": 442179.0,
            "count_peers": 102
        },
        "getaddr": {
            "sum": 480,
            "count": 6968,
            "mean": 0.06888633754305395,
            "median": 24.0,
            "count_peers": 606
        },
        "getblocktxn": {
            "sum": 99019.99484126983,
            "count": 98,
            "mean": 1010.4081106252023,
            "median": 703.5,
            "count_peers": 4
        },
        "getdata": {
            "sum": 17747152.003230315,
            "count": 2657,
            "mean": 6679.39480738815,
            "median": 894937,
            "count_peers": 7
        },
        "getheaders": {
            "sum": 44430.29826812415,
            "count": 64433,
            "mean": 0.6895581187919878,
            "median": 1053.0,
            "count_peers": 1031
        },
        "headers": {
            "sum": 511453.5661124957,
            "count": 8670,
            "mean": 58.99118409602027,
            "median": 2014,
            "count_peers": 621
        },
        "notfound": {
            "sum": 72789.54733284966,
            "count": 1031,
            "mean": 70.60091884854477,
            "median": 274.5,
            "count_peers": 4
        },
        "sendheaders": {
            "sum": 624,
            "count": 7937,
            "mean": 0.07861912561421192,
            "median": 24,
            "count_peers": 13
        },